rater,edu_group,pc1_var_explained,effective_dependence,n_bootstraps,n_vars
gss,overall,0.170336282664582,0.325382265823504,500,55
gss,loedu,0.126612774478434,0.33409860027761,500,54
gss,hiedu,0.198621343679324,0.378800860057108,500,54
mistralai_mistral-nemo,overall,0.300379692999308,0.732603488448456,500,61
mistralai_mistral-nemo,loedu,0.276671437057526,0.852404741078581,500,60
mistralai_mistral-nemo,hiedu,0.30881099428625,0.80473720283974,500,60
Nemo_2,overall,0.275877653497817,0.868210032510157,50,61
Nemo_2,loedu,0.24510815784953,0.950282156026299,50,59
Nemo_2,hiedu,0.288103064998787,0.906512507119766,50,60
