rater,median_mac,mean_mac,sd_mac,q025_mac,q975_mac
mistralai_mistral-nemo,0.229512218578362,0.229564028720201,0.00467900510577106,0.220270478621952,0.238529410269677
Nemo_2,0.224407023781904,0.224523145910728,0.00751932416679977,0.213546642531265,0.23950982675532
gss,0.144146265457438,0.144158657728522,0.00250350475835669,0.139363917172164,0.148992975134595
